user-id,purchase-id,product-id,category,actual_price,discount,timestamp,location,rating,attribute2
125,1,67,Toys,592.67,6.59,27-07-2022 01:17,Los Angeles,2,4
422,2,81,Toys,754.43,304.89,02-05-2023 01:17,New York City,2,5
160,3,17,Groceries,437.24,70.77,16-06-2023 01:17,San Francisco,4,5
127,4,67,Sports,837.56,279.76,15-12-2022 01:17,San Francisco,1,2
433,5,27,Electronics,431.13,225.81,30-11-2022 01:17,San Francisco,3,4
480,6,76,Toys,760.63,227.6,28-04-2023 01:17,Chicago,5,3
129,7,21,Sports,294.24,18.57,27-05-2023 01:17,Los Angeles,3,4
370,8,25,Books,912.99,150.71,22-02-2023 01:17,Los Angeles,2,5
366,9,35,Groceries,521.72,7.99,25-05-2023 01:17,Los Angeles,1,2
453,10,49,Beauty,385.76,72.31,08-03-2023 01:17,Los Angeles,5,4
426,11,56,Groceries,899.89,662.74,25-06-2023 01:17,New York City,2,2
222,12,87,Home Appliances,955.6,672.79,17-05-2023 01:17,Chicago,5,4
17,13,96,Home Appliances,876.73,322.13,18-05-2023 01:17,Chicago,4,5
270,14,51,Home Appliances,590.17,435.18,29-08-2022 01:17,New York City,4,5
221,15,62,Clothing,33.82,7.64,07-11-2022 01:17,Chicago,4,3
389,16,86,Clothing,316.29,159.29,06-03-2023 01:17,San Francisco,1,4
99,17,61,Books,793.8,240.8,16-01-2023 01:17,New York City,4,1
474,18,94,Toys,888.33,539.12,10-11-2022 01:17,San Francisco,1,3
334,19,40,Sports,450.35,159.06,17-09-2022 01:17,Los Angeles,3,4
242,20,99,Clothing,530.62,131.79,17-11-2022 01:17,Chicago,1,3
181,21,91,Toys,304.13,212.49,25-08-2022 01:17,Chicago,2,3
164,22,46,Beauty,558.93,383.16,25-09-2022 01:17,New York City,3,3
137,23,57,Toys,327.38,61.41,13-03-2023 01:17,Los Angeles,1,2
16,24,27,Sports,916.82,417.68,06-09-2022 01:17,Chicago,2,3
335,25,29,Beauty,593.3,395.94,25-08-2022 01:17,Chicago,4,4
71,26,82,Clothing,617.64,452.75,31-01-2023 01:17,New York City,5,5
185,27,24,Electronics,527.4,137.3,06-02-2023 01:17,Chicago,4,1
85,28,73,Groceries,769.07,93.12,05-02-2023 01:17,New York City,2,3
233,29,51,Groceries,938.14,548.24,01-11-2022 01:17,New York City,1,4
229,30,46,Home Appliances,635.72,28.62,12-02-2023 01:17,Chicago,5,3
143,31,34,Sports,19.37,7.45,13-09-2022 01:17,Los Angeles,1,1
94,32,58,Clothing,439.63,201.31,12-02-2023 01:17,New York City,3,1
6,33,81,Home Appliances,387.37,110.02,08-10-2022 01:17,New York City,5,2
246,34,94,Beauty,651.71,203.2,01-03-2023 01:17,New York City,5,2
13,35,71,Toys,686.04,31.13,06-10-2022 01:17,Los Angeles,1,3
327,36,48,Books,646.38,345.83,27-01-2023 01:17,Chicago,2,4
344,37,38,Clothing,705.78,177.42,06-01-2023 01:17,Los Angeles,1,3
13,38,12,Home Appliances,28.1,10.78,19-02-2023 01:17,Chicago,2,4
485,39,14,Electronics,865.56,4.59,20-10-2022 01:17,Los Angeles,3,3
83,40,40,Clothing,86.22,4.62,10-09-2022 01:17,Chicago,4,4
108,41,76,Clothing,251.9,139.29,31-10-2022 01:17,Los Angeles,3,5
65,42,84,Beauty,624.21,345.61,27-01-2023 01:17,Chicago,3,4
112,43,12,Beauty,738.3,519.74,09-04-2023 01:17,New York City,5,1
13,44,34,Sports,715.15,68.47,11-12-2022 01:17,Chicago,5,2
390,45,65,Groceries,291.03,200.54,05-10-2022 01:17,New York City,4,2
92,46,94,Books,61.75,22.24,17-03-2023 01:17,San Francisco,1,3
473,47,10,Books,626.23,230.28,15-12-2022 01:17,San Francisco,1,2
499,48,52,Clothing,694.16,161.53,17-04-2023 01:17,Chicago,4,2
89,49,52,Groceries,832.64,46.14,04-11-2022 01:17,Chicago,5,1
51,50,72,Home Appliances,810.88,107.28,20-06-2023 01:17,San Francisco,3,3
189,51,12,Beauty,361.99,173.16,24-04-2023 01:17,Chicago,1,3
135,52,100,Books,99.31,30.18,10-11-2022 01:17,New York City,4,3
381,53,77,Clothing,422.59,240.56,20-07-2022 01:17,San Francisco,3,3
386,54,75,Electronics,789.9,600.97,21-08-2022 01:17,Chicago,2,3
85,55,43,Electronics,81.51,49.45,27-10-2022 01:17,Los Angeles,3,2
46,56,89,Books,91.1,10.71,10-03-2023 01:17,Chicago,5,5
36,57,51,Toys,987.38,782.5,11-07-2022 01:17,Los Angeles,3,1
165,58,9,Beauty,99.5,1.87,30-10-2022 01:17,San Francisco,3,4
475,59,9,Books,634.73,138.34,13-02-2023 01:17,New York City,4,4
290,60,81,Clothing,79.51,40.91,02-12-2022 01:17,San Francisco,3,3
342,61,13,Groceries,342.1,252.45,29-07-2022 01:17,Chicago,3,3
458,62,78,Books,597.89,236.95,07-11-2022 01:17,San Francisco,3,5
123,63,100,Books,659.36,350.33,15-12-2022 01:17,San Francisco,1,1
6,64,6,Toys,569.34,340.38,22-05-2023 01:17,San Francisco,5,4
166,65,37,Groceries,648.73,233.11,15-05-2023 01:17,Chicago,2,3
330,66,79,Groceries,722.66,69.46,05-10-2022 01:17,Chicago,5,3
317,67,23,Sports,308.59,196.64,04-03-2023 01:17,New York City,5,4
470,68,75,Beauty,279.6,160.05,16-07-2022 01:17,San Francisco,5,5
82,69,64,Groceries,400.83,41.89,15-10-2022 01:17,Los Angeles,4,4
379,70,81,Sports,674.02,435.99,09-10-2022 01:17,Los Angeles,3,1
46,71,90,Home Appliances,469.72,117.18,29-01-2023 01:17,Chicago,3,2
323,72,49,Beauty,979.11,286.27,12-12-2022 01:17,New York City,4,4
346,73,35,Books,862.23,59.69,12-05-2023 01:17,Chicago,2,5
350,74,96,Sports,672.31,269.2,05-06-2023 01:17,New York City,3,1
442,75,57,Books,661.48,197.48,30-06-2023 01:17,San Francisco,3,3
426,76,15,Toys,541.29,260.23,27-12-2022 01:17,Chicago,2,5
216,77,75,Clothing,88.09,31.65,02-05-2023 01:17,San Francisco,5,3
101,78,1,Clothing,317.61,134.71,27-06-2023 01:17,Chicago,3,1
458,79,89,Groceries,679.04,198.5,30-06-2023 01:17,Chicago,2,3
338,80,6,Toys,808.99,380.12,12-08-2022 01:17,San Francisco,5,5
199,81,26,Clothing,723.58,167.37,11-12-2022 01:17,Chicago,5,4
79,82,84,Toys,736.26,155.87,15-04-2023 01:17,Chicago,2,2
326,83,79,Toys,71.48,51.59,09-02-2023 01:17,San Francisco,4,1
433,84,8,Clothing,368.7,2.15,20-10-2022 01:17,Los Angeles,4,5
181,85,15,Sports,968.17,529.48,03-07-2023 01:17,San Francisco,1,5
470,86,29,Sports,558.27,427.18,24-05-2023 01:17,New York City,2,1
65,87,46,Beauty,498.78,96.38,17-01-2023 01:17,Los Angeles,5,3
224,88,61,Toys,404.11,190.27,26-02-2023 01:17,San Francisco,5,1
288,89,15,Sports,247.14,139.49,13-03-2023 01:17,New York City,2,4
438,90,36,Home Appliances,497.19,338.97,10-11-2022 01:17,Chicago,4,2
157,91,81,Groceries,309.35,123.91,24-10-2022 01:17,Los Angeles,1,1
340,92,74,Books,71,41.38,30-03-2023 01:17,Los Angeles,1,2
412,93,7,Electronics,325.92,130.97,09-05-2023 01:17,New York City,2,5
274,94,94,Toys,307.32,107.6,22-10-2022 01:17,Los Angeles,4,3
232,95,73,Clothing,202.98,10.52,26-07-2022 01:17,San Francisco,1,2
202,96,55,Beauty,646.28,181.59,05-09-2022 01:17,Chicago,1,1
191,97,3,Clothing,459.65,329.89,01-09-2022 01:17,Los Angeles,4,5
149,98,29,Electronics,688.73,20.18,28-10-2022 01:17,San Francisco,1,5
51,99,41,Home Appliances,347.07,100.38,30-07-2022 01:17,New York City,4,4
277,100,9,Beauty,820.08,65.59,21-10-2022 01:17,New York City,4,3
376,101,62,Home Appliances,500.3,211.81,16-11-2022 01:17,San Francisco,3,5
456,102,68,Books,281.94,2.78,06-03-2023 01:17,Chicago,3,4
175,103,43,Home Appliances,369.44,101.4,16-11-2022 01:17,New York City,5,5
413,104,62,Toys,145.2,13.62,29-10-2022 01:17,New York City,3,5
88,105,6,Toys,473.39,269.31,09-11-2022 01:17,Los Angeles,1,5
426,106,9,Electronics,785.61,509.18,04-04-2023 01:17,San Francisco,4,5
100,107,39,Home Appliances,532.66,331.68,07-12-2022 01:17,Chicago,2,4
423,108,43,Toys,433.13,103.26,06-10-2022 01:17,Chicago,5,2
196,109,56,Groceries,485.64,226.02,26-06-2023 01:17,Los Angeles,1,5
127,110,21,Clothing,388.34,92.52,05-01-2023 01:17,Chicago,5,4
397,111,12,Home Appliances,33.67,0.14,11-09-2022 01:17,San Francisco,5,3
27,112,64,Home Appliances,667.58,497.71,19-08-2022 01:17,Los Angeles,4,2
198,113,28,Electronics,492.29,145.62,26-06-2023 01:17,New York City,4,5
186,114,3,Electronics,144.23,31.41,13-09-2022 01:17,Los Angeles,3,1
340,115,91,Electronics,659.12,139.74,22-04-2023 01:17,San Francisco,1,2
46,116,11,Clothing,798.76,256.71,15-03-2023 01:17,San Francisco,1,2
123,117,33,Groceries,357.09,120.47,31-05-2023 01:17,New York City,5,1
185,118,78,Sports,344.28,167.4,27-11-2022 01:17,San Francisco,3,5
198,119,27,Home Appliances,375.8,246.2,03-12-2022 01:17,San Francisco,2,5
202,120,46,Books,177.56,65.78,24-07-2022 01:17,Chicago,2,4
439,121,5,Books,634.32,187.24,22-07-2022 01:17,San Francisco,4,5
206,122,56,Groceries,188.97,71.22,08-07-2022 01:17,New York City,2,3
271,123,41,Toys,171.42,52.99,21-08-2022 01:17,San Francisco,5,4
89,124,70,Books,908.78,71.55,26-05-2023 01:17,Chicago,5,2
246,125,36,Electronics,188.41,117.71,12-03-2023 01:17,Los Angeles,3,1
291,126,16,Beauty,139.77,67.58,28-06-2023 01:17,Chicago,4,5
16,127,59,Toys,215.91,119.07,22-01-2023 01:17,Los Angeles,2,5
58,128,63,Sports,393.47,92.39,12-08-2022 01:17,Chicago,2,4
285,129,70,Toys,700.25,74.15,27-07-2022 01:17,Los Angeles,1,3
99,130,31,Groceries,500.12,141.02,15-12-2022 01:17,San Francisco,4,4
403,131,10,Clothing,21.66,17.08,13-09-2022 01:17,New York City,4,4
160,132,13,Beauty,145.53,26.56,04-01-2023 01:17,New York City,4,3
411,133,63,Home Appliances,706.54,203.14,09-05-2023 01:17,Chicago,5,2
36,134,36,Electronics,945.8,78.24,21-09-2022 01:17,Chicago,1,1
89,135,35,Sports,619.97,190.62,11-12-2022 01:17,New York City,4,2
241,136,49,Toys,122.53,47.92,14-06-2023 01:17,New York City,1,3
478,137,80,Beauty,30.23,1.85,16-05-2023 01:17,New York City,2,4
341,138,21,Clothing,80.23,46.2,20-03-2023 01:17,Chicago,3,5
70,139,56,Electronics,144.99,52.87,04-05-2023 01:17,San Francisco,5,3
28,140,40,Groceries,383.62,140.55,11-07-2022 01:17,Los Angeles,3,5
284,141,99,Sports,673.87,256.71,06-05-2023 01:17,Chicago,2,4
351,142,11,Toys,42.3,29.19,18-07-2022 01:17,Chicago,2,5
400,143,38,Electronics,651.62,178.27,09-04-2023 01:17,Chicago,4,2
60,144,71,Toys,834.54,259.24,04-05-2023 01:17,Los Angeles,5,1
18,145,88,Toys,745.27,221.45,13-02-2023 01:17,Los Angeles,4,4
322,146,20,Toys,374.46,157.03,13-05-2023 01:17,Los Angeles,4,3
177,147,32,Toys,491.69,143.06,12-02-2023 01:17,San Francisco,5,1
476,148,87,Beauty,939.1,244.48,11-11-2022 01:17,Los Angeles,4,1
443,149,29,Books,555.47,132.91,08-08-2022 01:17,San Francisco,4,5
88,150,27,Sports,840.13,645.11,14-12-2022 01:17,San Francisco,1,4
369,151,40,Toys,178.9,2.24,16-12-2022 01:17,New York City,1,1
378,152,56,Toys,457.47,299.73,23-02-2023 01:17,Chicago,2,1
94,153,31,Toys,25.25,9.51,02-07-2023 01:17,Chicago,5,5
63,154,81,Groceries,717.21,568.14,10-10-2022 01:17,Chicago,3,4
484,155,20,Clothing,112.52,24.74,25-03-2023 01:17,Chicago,5,2
319,156,42,Clothing,91.56,45.34,10-05-2023 01:17,Chicago,3,4
127,157,76,Home Appliances,291.48,45.04,24-06-2023 01:17,Los Angeles,4,2
272,158,90,Beauty,823.17,49.77,05-09-2022 01:17,Los Angeles,1,2
389,159,44,Groceries,948.68,272.22,04-11-2022 01:17,New York City,4,5
35,160,98,Beauty,506.86,402.9,08-06-2023 01:17,San Francisco,1,1
201,161,98,Groceries,269.89,66.83,26-04-2023 01:17,San Francisco,5,1
229,162,90,Electronics,307.11,141.41,19-05-2023 01:17,Los Angeles,2,3
93,163,94,Clothing,616.23,113.54,03-04-2023 01:17,Los Angeles,4,1
445,164,46,Clothing,201.84,148.43,25-11-2022 01:17,Los Angeles,1,1
34,165,80,Home Appliances,146.53,38.64,13-12-2022 01:17,San Francisco,2,5
124,166,84,Beauty,306.23,161.01,14-02-2023 01:17,New York City,2,3
187,167,79,Toys,900.76,447.42,31-10-2022 01:17,Los Angeles,3,3
260,168,6,Home Appliances,660.67,67.7,01-03-2023 01:17,San Francisco,2,3
240,169,52,Electronics,318.66,165.12,13-05-2023 01:17,Los Angeles,5,3
102,170,10,Home Appliances,486.78,122.25,04-10-2022 01:17,Los Angeles,1,1
80,171,67,Groceries,802.32,127.13,05-02-2023 01:17,Los Angeles,3,2
282,172,14,Beauty,647.98,157.19,02-03-2023 01:17,New York City,5,4
343,173,21,Books,406.22,197.67,03-09-2022 01:17,San Francisco,1,2
357,174,81,Beauty,271.88,122.68,19-12-2022 01:17,San Francisco,2,5
289,175,9,Beauty,568.46,9.45,15-01-2023 01:17,San Francisco,2,1
231,176,14,Books,729.38,28.43,10-08-2022 01:17,Los Angeles,1,4
266,177,37,Home Appliances,563.51,304.55,13-09-2022 01:17,San Francisco,5,4
19,178,55,Home Appliances,109.12,81.86,30-06-2023 01:17,New York City,5,4
402,179,30,Electronics,161.06,53.17,16-02-2023 01:17,New York City,2,3
21,180,6,Books,49.74,35.57,01-03-2023 01:17,New York City,2,2
265,181,24,Sports,754.47,22.19,19-03-2023 01:17,Los Angeles,2,2
91,182,80,Beauty,812.77,203.59,16-06-2023 01:17,Chicago,5,2
274,183,23,Toys,69.3,3.09,16-02-2023 01:17,Chicago,2,2
379,184,18,Clothing,557.86,343.7,11-11-2022 01:17,Chicago,4,5
141,185,77,Groceries,110.03,37.82,10-02-2023 01:17,San Francisco,3,4
266,186,31,Groceries,204.94,49.8,13-08-2022 01:17,Chicago,5,4
389,187,49,Electronics,260.59,8.93,05-02-2023 01:17,New York City,1,4
196,188,18,Clothing,74.59,30.99,25-05-2023 01:17,New York City,4,1
156,189,70,Clothing,302.36,9.52,17-12-2022 01:17,New York City,2,1
461,190,26,Groceries,231.49,109.08,07-05-2023 01:17,Chicago,2,4
86,191,86,Toys,703.05,350.29,15-10-2022 01:17,San Francisco,2,5
490,192,60,Clothing,850.65,389.31,23-10-2022 01:17,San Francisco,1,5
259,193,59,Books,170.24,103.43,13-05-2023 01:17,San Francisco,3,1
138,194,99,Electronics,61.23,27.67,28-03-2023 01:17,Los Angeles,3,2
200,195,57,Home Appliances,957.03,54.36,17-03-2023 01:17,San Francisco,2,1
477,196,71,Home Appliances,408.47,302.34,30-09-2022 01:17,Chicago,5,5
187,197,89,Groceries,936.73,337.64,01-05-2023 01:17,San Francisco,4,3
428,198,82,Sports,209.07,133.51,25-11-2022 01:17,San Francisco,5,4
105,199,16,Home Appliances,620.9,450.94,06-02-2023 01:17,Los Angeles,1,3
252,200,21,Groceries,293.21,149.42,20-12-2022 01:17,New York City,5,2
198,201,8,Electronics,395.75,256.78,24-04-2023 01:17,San Francisco,5,1
411,202,27,Books,23.2,1.76,01-10-2022 01:17,Los Angeles,2,3
317,203,75,Beauty,235.95,185.65,25-12-2022 01:17,Chicago,4,2
90,204,15,Groceries,157.92,41.1,02-06-2023 01:17,Los Angeles,1,5
273,205,61,Electronics,485.19,364.12,31-07-2022 01:17,San Francisco,2,1
458,206,69,Groceries,138.45,49.9,05-03-2023 01:17,Los Angeles,4,1
109,207,91,Home Appliances,715.62,503.92,24-07-2022 01:17,New York City,5,1
250,208,72,Beauty,470.25,15.17,07-06-2023 01:17,San Francisco,5,3
333,209,28,Home Appliances,710.77,241.26,29-08-2022 01:17,San Francisco,2,2
139,210,41,Groceries,832.52,115.11,01-12-2022 01:17,New York City,4,2
386,211,9,Sports,992.82,170.99,07-04-2023 01:17,Los Angeles,2,5
107,212,34,Groceries,122.69,93.62,30-03-2023 01:17,San Francisco,3,1
98,213,29,Home Appliances,448.6,76.67,18-06-2023 01:17,Los Angeles,1,1
18,214,19,Sports,792.01,94.25,17-01-2023 01:17,San Francisco,5,1
87,215,53,Clothing,578.17,443.69,24-07-2022 01:17,Los Angeles,3,3
270,216,42,Groceries,905.46,13.73,01-08-2022 01:17,San Francisco,4,4
82,217,21,Sports,452.17,212.54,09-06-2023 01:17,Chicago,5,3
189,218,4,Clothing,227.22,118.62,27-01-2023 01:17,Los Angeles,3,1
145,219,41,Toys,275.12,145.09,08-04-2023 01:17,Chicago,1,3
439,220,70,Beauty,720.74,493.21,29-04-2023 01:17,Chicago,1,3
433,221,41,Toys,973.38,389.69,22-12-2022 01:17,Los Angeles,2,2
327,222,37,Clothing,979.29,319.55,11-12-2022 01:17,Chicago,2,4
467,223,35,Books,473.19,330.36,26-11-2022 01:17,San Francisco,4,4
110,224,50,Groceries,673.31,340.61,24-02-2023 01:17,Chicago,4,5
143,225,97,Clothing,298.26,29.32,04-01-2023 01:17,Los Angeles,3,2
371,226,38,Clothing,363.47,139.32,06-11-2022 01:17,San Francisco,4,3
79,227,58,Books,215.53,143.33,07-09-2022 01:17,New York City,4,2
330,228,35,Books,388.3,191.5,16-06-2023 01:17,New York City,3,3
435,229,1,Sports,703.13,100.81,14-02-2023 01:17,Chicago,2,1
410,230,55,Clothing,126.34,100.06,23-11-2022 01:17,New York City,5,1
491,231,46,Groceries,191.89,102.89,14-01-2023 01:17,Los Angeles,1,5
152,232,37,Books,948.37,562.21,27-02-2023 01:17,Los Angeles,1,3
226,233,82,Home Appliances,922.24,575.68,08-02-2023 01:17,Chicago,3,2
393,234,58,Toys,592.52,183.18,18-01-2023 01:17,Chicago,5,4
330,235,41,Clothing,790.01,610.61,01-12-2022 01:17,Chicago,1,1
386,236,87,Home Appliances,469.84,307.05,21-11-2022 01:17,New York City,4,3
455,237,14,Electronics,49.69,13.87,20-07-2022 01:17,Chicago,2,2
233,238,86,Toys,726.67,212.59,26-11-2022 01:17,San Francisco,5,2
149,239,69,Beauty,965.44,712.24,21-10-2022 01:17,San Francisco,4,4
421,240,34,Groceries,428.5,54.8,04-06-2023 01:17,New York City,5,3
206,241,61,Electronics,759.78,246.56,08-12-2022 01:17,San Francisco,3,3
442,242,75,Books,164.24,77.38,27-10-2022 01:17,Chicago,5,4
334,243,58,Clothing,848.19,674.76,13-06-2023 01:17,Chicago,2,3
420,244,48,Toys,580.91,425.1,04-01-2023 01:17,Los Angeles,1,2
370,245,35,Toys,214.1,130.52,11-06-2023 01:17,San Francisco,5,4
419,246,5,Electronics,143.82,74.55,02-06-2023 01:17,Chicago,2,2
479,247,68,Clothing,573.61,297.68,16-03-2023 01:17,Los Angeles,4,3
85,248,44,Home Appliances,125.71,87.34,29-09-2022 01:17,Los Angeles,3,1
26,249,53,Clothing,473.8,42.57,11-10-2022 01:17,New York City,1,5
157,250,33,Books,875.6,658.67,30-06-2023 01:17,San Francisco,3,5
413,251,26,Toys,488.5,126.93,05-11-2022 01:17,New York City,3,4
127,252,65,Toys,293.27,87.6,31-12-2022 01:17,New York City,3,5
391,253,92,Clothing,911.83,249.18,29-09-2022 01:17,New York City,3,3
217,254,88,Home Appliances,582.77,456.51,24-11-2022 01:17,San Francisco,3,1
218,255,24,Sports,48.75,23.44,06-07-2022 01:17,Chicago,2,5
340,256,45,Beauty,424.67,147.22,28-02-2023 01:17,San Francisco,5,2
325,257,39,Books,809.05,10.73,02-09-2022 01:17,Chicago,1,2
204,258,61,Clothing,661.95,352.98,08-08-2022 01:17,New York City,2,1
188,259,76,Home Appliances,345.83,202.21,19-10-2022 01:17,New York City,3,3
248,260,25,Clothing,501.34,308.26,18-01-2023 01:17,Los Angeles,1,2
15,261,63,Beauty,609.24,118.43,27-01-2023 01:17,San Francisco,1,2
361,262,22,Books,720.43,298.14,18-07-2022 01:17,San Francisco,3,5
100,263,34,Books,470.74,232.05,25-07-2022 01:17,Los Angeles,3,4
225,264,80,Electronics,517.49,250.36,11-06-2023 01:17,Chicago,2,2
163,265,38,Groceries,881.35,272.99,14-12-2022 01:17,San Francisco,5,3
303,266,29,Groceries,909.12,599.09,29-04-2023 01:17,New York City,2,4
141,267,45,Books,307.42,29.95,13-09-2022 01:17,Los Angeles,4,2
54,268,78,Electronics,810.71,534.77,15-11-2022 01:17,Chicago,5,5
98,269,30,Electronics,711,393.15,10-03-2023 01:17,New York City,1,2
251,270,93,Groceries,372.72,43.95,20-03-2023 01:17,New York City,4,5
285,271,18,Groceries,486.12,354.76,16-10-2022 01:17,Los Angeles,2,2
358,272,58,Clothing,14.99,11.47,28-12-2022 01:17,Los Angeles,1,2
406,273,55,Toys,733.38,283.01,21-04-2023 01:17,New York City,5,2
215,274,95,Books,946.38,231.9,06-05-2023 01:17,New York City,2,4
61,275,30,Home Appliances,151.09,41.04,31-10-2022 01:17,Los Angeles,2,2
54,276,26,Home Appliances,407.34,251.86,12-12-2022 01:17,Chicago,2,3
251,277,11,Beauty,169.3,72.76,10-07-2022 01:17,New York City,2,1
27,278,74,Toys,794.42,625.6,28-06-2023 01:17,Chicago,4,4
23,279,30,Clothing,387.42,139.91,20-08-2022 01:17,New York City,5,3
381,280,53,Toys,932.18,47.66,16-02-2023 01:17,Chicago,5,3
198,281,20,Home Appliances,162.94,84.83,05-11-2022 01:17,New York City,3,1
243,282,61,Clothing,94.62,71.45,15-06-2023 01:17,Chicago,5,2
108,283,3,Sports,510.83,365.55,08-04-2023 01:17,New York City,5,3
188,284,30,Clothing,731.75,104.62,24-05-2023 01:17,San Francisco,5,1
357,285,88,Books,847.15,511.58,23-10-2022 01:17,Los Angeles,2,4
64,286,48,Electronics,489.5,15.12,05-11-2022 01:17,San Francisco,4,3
463,287,10,Books,295.82,97.98,18-04-2023 01:17,Los Angeles,4,5
14,288,23,Toys,529.6,170.31,31-05-2023 01:17,San Francisco,1,4
360,289,55,Groceries,395.55,114.85,10-08-2022 01:17,San Francisco,4,1
228,290,60,Toys,121.64,84.37,16-10-2022 01:17,New York City,2,5
11,291,58,Books,185.45,49.02,09-11-2022 01:17,New York City,5,5
280,292,100,Sports,240.41,17.82,26-04-2023 01:17,Chicago,1,1
355,293,99,Books,725.36,90.03,26-06-2023 01:17,Chicago,5,3
260,294,32,Books,675.82,166.79,05-01-2023 01:17,Los Angeles,1,4
218,295,33,Sports,748.08,320.46,11-01-2023 01:17,New York City,4,5
44,296,32,Books,831.3,658.75,05-08-2022 01:17,New York City,4,5
211,297,30,Electronics,746.91,486.18,19-04-2023 01:17,San Francisco,1,5
56,298,30,Electronics,121.46,90.12,09-08-2022 01:17,Los Angeles,4,3
384,299,48,Toys,761.4,169.77,08-09-2022 01:17,New York City,2,3
64,300,99,Beauty,984.39,52.25,20-11-2022 01:17,San Francisco,3,5
268,301,16,Beauty,623.25,409.76,15-04-2023 01:17,New York City,3,3
497,302,22,Books,53.84,36.02,19-04-2023 01:17,Los Angeles,4,5
218,303,63,Clothing,288.63,101.07,06-12-2022 01:17,New York City,1,1
446,304,9,Books,364.97,221.64,17-09-2022 01:17,Los Angeles,4,1
2,305,90,Groceries,827.57,387.62,10-04-2023 01:17,San Francisco,3,1
232,306,58,Home Appliances,702.81,29.25,12-06-2023 01:17,New York City,5,1
226,307,45,Electronics,169.38,86.75,06-02-2023 01:17,San Francisco,1,1
391,308,3,Clothing,582.55,213.2,01-08-2022 01:17,San Francisco,1,4
82,309,8,Books,693.15,351.06,28-01-2023 01:17,New York City,4,5
427,310,53,Clothing,988.71,76.52,25-03-2023 01:17,San Francisco,1,4
214,311,22,Beauty,520.65,347.26,24-03-2023 01:17,New York City,4,5
348,312,52,Groceries,438.42,101.36,10-03-2023 01:17,Los Angeles,4,4
490,313,38,Books,132.72,92.82,16-05-2023 01:17,Los Angeles,4,3
32,314,80,Home Appliances,66.6,43.68,26-06-2023 01:17,Chicago,3,1
136,315,90,Beauty,949.03,559.88,07-01-2023 01:17,San Francisco,3,4
85,316,53,Clothing,206.33,61.61,09-09-2022 01:17,Chicago,1,2
249,317,31,Sports,855.15,67.2,21-02-2023 01:17,Los Angeles,1,2
382,318,64,Home Appliances,587.68,339.27,28-03-2023 01:17,San Francisco,4,1
183,319,71,Toys,291.36,154.26,24-10-2022 01:17,New York City,5,2
257,320,32,Groceries,215.68,122.4,03-02-2023 01:17,San Francisco,4,4
305,321,53,Toys,52.64,16.93,20-07-2022 01:17,Chicago,3,5
400,322,99,Books,626.78,200.57,02-05-2023 01:17,San Francisco,2,1
42,323,76,Clothing,264.29,209.3,20-01-2023 01:17,New York City,5,2
417,324,91,Sports,725.64,375.33,22-09-2022 01:17,New York City,4,3
310,325,86,Electronics,792.85,399.81,04-09-2022 01:17,New York City,4,4
9,326,28,Groceries,722.77,458.98,21-11-2022 01:17,San Francisco,2,3
193,327,10,Home Appliances,481.72,211.9,13-11-2022 01:17,Los Angeles,5,5
187,328,32,Electronics,548.7,304.33,10-02-2023 01:17,Chicago,2,4
15,329,86,Electronics,532.08,14.98,20-05-2023 01:17,San Francisco,1,4
493,330,69,Electronics,556.72,363.08,29-09-2022 01:17,San Francisco,1,4
451,331,17,Books,747.42,391.46,24-11-2022 01:17,Chicago,2,1
39,332,55,Books,844.39,525.52,09-04-2023 01:17,New York City,3,1
269,333,61,Beauty,905.9,305.23,20-05-2023 01:17,San Francisco,3,2
62,334,83,Books,285.75,204.37,08-12-2022 01:17,Chicago,5,2
67,335,48,Clothing,376.83,224.84,14-05-2023 01:17,Los Angeles,4,1
486,336,5,Beauty,186.15,98.94,30-08-2022 01:17,New York City,1,4
134,337,65,Toys,103.58,21.58,14-07-2022 01:17,Chicago,1,2
321,338,49,Beauty,326.13,13.17,08-05-2023 01:17,San Francisco,5,4
266,339,1,Clothing,365.41,284.58,09-12-2022 01:17,Los Angeles,3,5
168,340,91,Electronics,554.74,387.13,31-12-2022 01:17,Los Angeles,3,1
331,341,68,Groceries,579.9,128.28,09-10-2022 01:17,New York City,1,4
239,342,15,Clothing,856.77,113.17,25-11-2022 01:17,Los Angeles,1,3
129,343,82,Electronics,584.82,218.85,26-10-2022 01:17,Chicago,2,2
470,344,32,Books,233.03,137.03,10-10-2022 01:17,Los Angeles,1,4
386,345,15,Sports,430.99,288.14,14-12-2022 01:17,San Francisco,2,5
337,346,26,Sports,641.36,419.51,27-07-2022 01:17,San Francisco,4,3
410,347,52,Books,732.19,37.24,18-10-2022 01:17,Chicago,4,4
144,348,59,Books,628.46,483.18,10-03-2023 01:17,Los Angeles,1,3
47,349,54,Home Appliances,882.27,557.58,03-10-2022 01:17,Chicago,4,4
341,350,32,Books,535.62,73.8,06-07-2022 01:17,New York City,3,1
361,351,5,Home Appliances,438.31,33.51,22-01-2023 01:17,Chicago,1,4
276,352,61,Sports,536.44,207.75,04-07-2022 01:17,New York City,1,5
423,353,13,Clothing,670.62,230.88,05-09-2022 01:17,San Francisco,3,2
207,354,82,Groceries,825.79,461.76,12-10-2022 01:17,San Francisco,5,2
283,355,96,Beauty,652.81,64.92,06-04-2023 01:17,Los Angeles,3,1
274,356,54,Books,677.89,323.69,20-10-2022 01:17,San Francisco,3,4
90,357,27,Beauty,399.8,185.26,29-03-2023 01:17,San Francisco,4,2
328,358,90,Books,654.18,241.67,28-03-2023 01:17,San Francisco,1,4
155,359,37,Beauty,266.82,172.98,27-11-2022 01:17,San Francisco,4,1
397,360,68,Sports,855.26,423.94,10-09-2022 01:17,Los Angeles,2,4
438,361,13,Clothing,104.82,0.5,28-11-2022 01:17,Los Angeles,4,1
367,362,46,Sports,25.04,1.71,19-10-2022 01:17,Los Angeles,1,2
427,363,81,Toys,951.41,21.18,31-12-2022 01:17,Chicago,1,2
29,364,48,Electronics,325.02,9.15,24-02-2023 01:17,Los Angeles,1,3
349,365,96,Home Appliances,664.02,225.3,11-06-2023 01:17,New York City,2,3
462,366,89,Beauty,262.06,203.97,25-02-2023 01:17,San Francisco,4,5
290,367,62,Groceries,331.13,242.32,10-12-2022 01:17,Chicago,2,2
79,368,2,Electronics,309.8,149.9,14-01-2023 01:17,Chicago,5,5
315,369,18,Beauty,771.13,386.81,24-11-2022 01:17,Los Angeles,3,2
193,370,84,Books,294.46,90.89,05-02-2023 01:17,Chicago,4,5
170,371,3,Home Appliances,266.77,203.41,30-01-2023 01:17,Los Angeles,3,4
133,372,71,Sports,774.09,189.98,25-12-2022 01:17,Chicago,3,2
13,373,13,Toys,761.36,364.66,26-01-2023 01:17,San Francisco,1,4
153,374,48,Home Appliances,418.05,67.71,17-03-2023 01:17,San Francisco,4,2
26,375,37,Sports,900.37,618.18,04-03-2023 01:17,New York City,2,2
114,376,91,Toys,990.13,750.76,04-08-2022 01:17,Los Angeles,5,1
147,377,4,Clothing,691.94,295.12,24-01-2023 01:17,San Francisco,2,5
122,378,96,Groceries,541.07,182.37,13-09-2022 01:17,Chicago,3,4
435,379,69,Books,832.02,47.19,26-06-2023 01:17,San Francisco,3,1
75,380,85,Beauty,528.52,12.39,23-06-2023 01:17,Chicago,1,5
272,381,48,Beauty,275.68,72.21,28-11-2022 01:17,New York City,5,5
56,382,42,Beauty,312.9,128.47,10-02-2023 01:17,Los Angeles,2,1
303,383,51,Electronics,507.41,39.26,05-04-2023 01:17,Los Angeles,3,2
210,384,15,Electronics,407.46,123.7,29-08-2022 01:17,Los Angeles,4,3
407,385,99,Books,257.47,50.11,04-07-2022 01:17,Chicago,3,2
234,386,89,Clothing,498.57,260.61,23-02-2023 01:17,Chicago,3,1
31,387,74,Clothing,531.35,410.31,02-11-2022 01:17,Chicago,4,1
346,388,36,Groceries,813.53,352.66,23-08-2022 01:17,Chicago,5,3
396,389,58,Clothing,41.28,31.93,23-05-2023 01:17,Chicago,2,1
17,390,94,Toys,594.13,264.13,17-07-2022 01:17,Los Angeles,4,1
449,391,78,Toys,52.71,0.75,25-04-2023 01:17,Chicago,1,3
10,392,59,Electronics,667.99,80,14-07-2022 01:17,San Francisco,3,3
156,393,90,Clothing,206.02,159.73,29-07-2022 01:17,Chicago,4,1
143,394,56,Toys,583.35,336.04,14-10-2022 01:17,Los Angeles,5,4
49,395,29,Books,638.46,127.63,22-06-2023 01:17,Los Angeles,1,4
410,396,36,Electronics,280.12,83.85,03-09-2022 01:17,New York City,2,2
475,397,81,Sports,151.93,21.74,25-12-2022 01:17,San Francisco,4,5
137,398,91,Home Appliances,259.44,170.75,24-01-2023 01:17,New York City,2,3
193,399,57,Clothing,634.48,374.52,25-01-2023 01:17,New York City,4,3
87,400,15,Clothing,45.05,26.53,17-04-2023 01:17,New York City,1,3
296,401,25,Electronics,55.78,18.38,23-08-2022 01:17,Los Angeles,2,5
372,402,6,Books,413.64,6.7,14-07-2022 01:17,Los Angeles,3,4
464,403,77,Books,619.89,8.39,23-04-2023 01:17,San Francisco,2,4
268,404,47,Sports,981.64,729.52,20-02-2023 01:17,New York City,4,5
87,405,21,Sports,907.27,18.87,01-09-2022 01:17,Chicago,5,3
426,406,33,Toys,259.2,132.16,12-02-2023 01:17,Los Angeles,3,1
211,407,46,Electronics,96.53,21.05,24-03-2023 01:17,Chicago,4,2
308,408,69,Home Appliances,456.87,23.9,30-05-2023 01:17,Los Angeles,2,4
232,409,97,Electronics,361.88,11.56,02-01-2023 01:17,New York City,3,5
498,410,8,Groceries,705.57,561.41,20-06-2023 01:17,Los Angeles,5,3
156,411,43,Books,730.33,140.74,06-09-2022 01:17,New York City,2,3
327,412,87,Clothing,948.6,540.41,03-07-2023 01:17,New York City,3,2
244,413,88,Books,959.8,742.46,07-10-2022 01:17,New York City,3,3
17,414,47,Beauty,88.72,65.48,07-02-2023 01:17,Los Angeles,1,2
453,415,89,Electronics,198.26,140.03,19-10-2022 01:17,San Francisco,5,2
229,416,23,Toys,570.18,181.66,02-03-2023 01:17,San Francisco,1,3
302,417,12,Groceries,261.08,24.09,29-09-2022 01:17,San Francisco,3,3
122,418,31,Sports,707.25,191.49,28-10-2022 01:17,New York City,2,3
449,419,92,Home Appliances,215.86,119.91,21-07-2022 01:17,New York City,5,3
352,420,79,Electronics,35.73,21.96,18-02-2023 01:17,New York City,4,1
229,421,10,Electronics,794.66,293.55,24-01-2023 01:17,San Francisco,3,3
492,422,36,Home Appliances,313.28,44.64,16-09-2022 01:17,New York City,4,1
40,423,96,Clothing,108.34,60.49,20-03-2023 01:17,Los Angeles,5,3
63,424,32,Sports,958.94,709.4,28-03-2023 01:17,Los Angeles,4,5
89,425,82,Sports,544.68,119.76,24-10-2022 01:17,New York City,3,3
338,426,50,Home Appliances,858.84,620.46,30-11-2022 01:17,San Francisco,3,4
295,427,28,Home Appliances,293.22,137.53,30-04-2023 01:17,San Francisco,2,5
17,428,54,Electronics,435.1,219.28,25-02-2023 01:17,San Francisco,1,3
386,429,91,Sports,758.88,93.58,28-04-2023 01:17,Los Angeles,1,3
289,430,89,Books,144.74,115.74,18-04-2023 01:17,Chicago,4,5
225,431,20,Beauty,705.82,425.22,11-03-2023 01:17,Chicago,5,3
178,432,25,Toys,134.84,41.89,15-01-2023 01:17,Chicago,1,4
169,433,42,Home Appliances,152.32,1.29,11-08-2022 01:17,Los Angeles,1,4
80,434,66,Groceries,256.55,140.44,04-08-2022 01:17,New York City,3,3
135,435,76,Home Appliances,722.33,374.92,11-01-2023 01:17,New York City,2,1
198,436,56,Electronics,270.87,202.98,27-07-2022 01:17,Chicago,4,5
477,437,46,Home Appliances,102.99,25.63,08-06-2023 01:17,Los Angeles,2,2
110,438,3,Groceries,39.67,25.36,15-02-2023 01:17,San Francisco,2,1
440,439,94,Home Appliances,412.6,58.43,29-11-2022 01:17,New York City,5,1
463,440,22,Groceries,757.04,198.74,02-09-2022 01:17,San Francisco,1,1
378,441,57,Groceries,356.78,190.83,10-12-2022 01:17,Chicago,1,1
338,442,22,Clothing,720.08,78.15,10-09-2022 01:17,San Francisco,3,1
207,443,87,Toys,962.06,244.41,27-04-2023 01:17,San Francisco,1,4
21,444,38,Electronics,447.31,323.82,11-07-2022 01:17,Los Angeles,3,3
259,445,36,Toys,123.21,1.82,09-01-2023 01:17,New York City,2,5
350,446,84,Clothing,197.26,48.76,09-07-2022 01:17,Los Angeles,1,1
269,447,33,Groceries,656.34,183.95,21-04-2023 01:17,Chicago,1,2
2,448,33,Groceries,409.42,100.08,29-10-2022 01:17,Chicago,5,2
49,449,10,Clothing,846.87,294.71,16-08-2022 01:17,San Francisco,4,4
399,450,28,Clothing,955.89,716.67,11-02-2023 01:17,New York City,2,1
332,451,88,Books,40.79,15.11,04-05-2023 01:17,Los Angeles,4,3
371,452,63,Beauty,175.8,122.03,24-05-2023 01:17,Chicago,2,5
214,453,3,Groceries,350.65,31.99,09-12-2022 01:17,San Francisco,2,1
202,454,64,Home Appliances,265.08,202.55,12-09-2022 01:17,Los Angeles,1,5
385,455,9,Books,418.23,252.95,21-04-2023 01:17,Los Angeles,2,1
148,456,33,Groceries,604.51,366.09,26-09-2022 01:17,New York City,2,5
443,457,68,Sports,487.45,213.91,16-09-2022 01:17,Chicago,5,5
17,458,100,Books,741.66,95.97,05-05-2023 01:17,New York City,5,4
171,459,38,Groceries,298.57,156.46,29-03-2023 01:17,Los Angeles,2,5
423,460,84,Electronics,854.17,66.63,25-05-2023 01:17,San Francisco,5,4
462,461,94,Books,93.74,73.21,17-03-2023 01:17,San Francisco,3,1
340,462,9,Clothing,808.08,596.96,26-11-2022 01:17,Chicago,1,3
372,463,37,Clothing,987.81,294.73,01-06-2023 01:17,Los Angeles,5,3
351,464,32,Toys,755.91,428.24,15-09-2022 01:17,Los Angeles,4,5
205,465,9,Toys,776.57,585.47,15-09-2022 01:17,New York City,4,3
23,466,7,Clothing,534.09,407.31,13-03-2023 01:17,San Francisco,3,5
20,467,80,Electronics,620.32,358.4,23-03-2023 01:17,New York City,5,1
366,468,21,Clothing,923.15,85.76,13-02-2023 01:17,San Francisco,5,3
63,469,50,Sports,504.7,2.67,31-01-2023 01:17,San Francisco,3,1
79,470,72,Clothing,782.56,251.46,12-02-2023 01:17,New York City,1,3
418,471,59,Sports,627.28,30.06,20-03-2023 01:17,San Francisco,4,5
359,472,28,Toys,797.53,633.24,28-10-2022 01:17,Los Angeles,4,3
280,473,26,Sports,910.7,84.87,24-12-2022 01:17,Chicago,3,5
13,474,32,Home Appliances,674.24,98.85,24-03-2023 01:17,New York City,1,3
8,475,70,Books,535.09,10.37,12-08-2022 01:17,San Francisco,4,2
120,476,76,Sports,90.46,69.66,26-08-2022 01:17,Chicago,3,5
281,477,33,Books,169.43,32.13,18-11-2022 01:17,Los Angeles,2,2
372,478,46,Clothing,393.98,285.32,19-11-2022 01:17,Chicago,1,5
376,479,74,Beauty,354.63,168.69,06-11-2022 01:17,San Francisco,4,2
11,480,14,Home Appliances,523.97,284.56,09-06-2023 01:17,New York City,2,2
412,481,41,Home Appliances,749.56,311.9,04-07-2022 01:17,Chicago,2,1
158,482,67,Home Appliances,623.52,414.2,03-01-2023 01:17,Los Angeles,5,4
457,483,19,Groceries,881.95,515.64,01-08-2022 01:17,Chicago,4,3
99,484,18,Toys,686.3,418.98,25-12-2022 01:17,New York City,3,1
405,485,95,Groceries,493.29,252.69,17-11-2022 01:17,Los Angeles,1,1
46,486,15,Toys,916.98,307.82,14-10-2022 01:17,New York City,1,5
232,487,87,Sports,678.01,156.29,03-07-2023 01:17,Los Angeles,4,3
126,488,35,Toys,776.92,490.1,09-01-2023 01:17,San Francisco,2,3
388,489,44,Sports,84.56,21.51,26-04-2023 01:17,Los Angeles,1,2
454,490,6,Books,577.48,83.06,23-12-2022 01:17,New York City,5,2
299,491,16,Toys,222.87,74.49,25-12-2022 01:17,Chicago,1,4
186,492,17,Toys,349.22,258.72,19-06-2023 01:17,Los Angeles,5,2
457,493,42,Toys,937.82,439.57,22-04-2023 01:17,Los Angeles,4,5
236,494,8,Beauty,754.6,463.37,15-01-2023 01:17,New York City,2,2
369,495,94,Electronics,906.45,614.78,16-09-2022 01:17,San Francisco,5,2
287,496,31,Clothing,725.9,1.75,04-11-2022 01:17,Chicago,3,2
68,497,65,Books,712.32,58.46,10-01-2023 01:17,Chicago,2,1
376,498,35,Sports,257.93,67.19,05-12-2022 01:17,New York City,5,5
82,499,35,Groceries,24.11,2.9,08-08-2022 01:17,Chicago,3,2
454,500,25,Beauty,859.46,108.44,03-02-2023 01:17,San Francisco,1,3
298,501,96,Books,21.61,6.07,10-08-2022 01:17,New York City,5,3
168,502,32,Home Appliances,825.28,596.18,26-12-2022 01:17,Los Angeles,4,2
59,503,92,Books,771.76,225.8,26-01-2023 01:17,Chicago,2,5
121,504,37,Toys,404.31,320.74,15-03-2023 01:17,Los Angeles,4,2
411,505,98,Electronics,671.94,305.33,13-03-2023 01:17,San Francisco,1,5
284,506,73,Groceries,494,88.07,19-06-2023 01:17,New York City,2,3
13,507,12,Sports,608.24,452.39,27-11-2022 01:17,Los Angeles,4,2
456,508,6,Electronics,16.06,9.83,24-05-2023 01:17,San Francisco,5,4
214,509,64,Home Appliances,234.19,23.01,09-11-2022 01:17,Los Angeles,1,5
37,510,47,Clothing,324.97,74.44,04-03-2023 01:17,Chicago,5,1
192,511,51,Toys,709.4,393.25,13-10-2022 01:17,Los Angeles,3,1
15,512,32,Beauty,897.2,490.66,10-04-2023 01:17,San Francisco,3,1
184,513,12,Books,762.14,396.53,08-04-2023 01:17,Chicago,5,1
345,514,28,Beauty,936.31,333.97,24-01-2023 01:17,Chicago,1,3
220,515,84,Groceries,520.35,260.98,23-08-2022 01:17,San Francisco,4,4
462,516,54,Electronics,456.46,9.99,11-12-2022 01:17,San Francisco,2,2
288,517,6,Beauty,414.53,249.43,14-07-2022 01:17,Los Angeles,2,1
263,518,16,Home Appliances,727.02,220.3,21-01-2023 01:17,Los Angeles,1,2
451,519,81,Toys,802.53,302.03,26-03-2023 01:17,San Francisco,3,5
210,520,43,Sports,30.7,14.04,04-06-2023 01:17,San Francisco,2,5
17,521,42,Beauty,774.18,195.86,12-07-2022 01:17,New York City,1,2
296,522,72,Books,558.75,428.66,24-02-2023 01:17,San Francisco,4,2
85,523,30,Home Appliances,651.56,432.57,03-07-2023 01:17,Los Angeles,5,2
85,524,69,Groceries,374.47,268.86,23-02-2023 01:17,Chicago,3,4
421,525,90,Beauty,827.85,325.52,06-01-2023 01:17,Chicago,1,4
60,526,38,Books,233.61,92.49,09-07-2022 01:17,Los Angeles,5,5
159,527,12,Sports,37.32,19.89,23-03-2023 01:17,San Francisco,2,1
157,528,10,Books,453.92,55.13,25-11-2022 01:17,Los Angeles,5,1
228,529,18,Toys,443.57,210.52,16-11-2022 01:17,San Francisco,2,5
97,530,34,Sports,379.34,188.82,20-03-2023 01:17,New York City,5,3
488,531,97,Electronics,233.21,186.41,30-06-2023 01:17,New York City,4,3
40,532,10,Clothing,665.17,153.61,05-12-2022 01:17,Chicago,5,5
199,533,55,Sports,176.07,110.43,14-09-2022 01:17,San Francisco,4,1
485,534,84,Home Appliances,270.09,117.58,29-09-2022 01:17,Los Angeles,3,1
473,535,52,Home Appliances,707.52,440.7,30-11-2022 01:17,Los Angeles,2,2
332,536,57,Sports,967.88,672.96,09-09-2022 01:17,Los Angeles,2,4
396,537,99,Electronics,356.87,206.54,11-01-2023 01:17,Los Angeles,4,5
441,538,41,Beauty,815.03,52.56,19-02-2023 01:17,New York City,1,4
488,539,75,Home Appliances,699.62,531.23,14-05-2023 01:17,Los Angeles,5,1
101,540,73,Books,309.12,152.85,03-10-2022 01:17,Chicago,2,3
34,541,89,Clothing,305.17,235.41,09-12-2022 01:17,New York City,5,3
232,542,13,Electronics,118.58,46.41,31-10-2022 01:17,Los Angeles,4,2
248,543,55,Home Appliances,384.41,129.88,09-02-2023 01:17,New York City,4,1
49,544,24,Toys,772.52,181.36,12-06-2023 01:17,Chicago,5,4
276,545,64,Beauty,190.11,118.08,23-01-2023 01:17,Chicago,5,1
453,546,57,Beauty,853.92,419.03,17-08-2022 01:17,San Francisco,3,5
19,547,25,Sports,444.22,126.69,04-01-2023 01:17,Chicago,5,5
476,548,66,Beauty,85.24,63.57,20-12-2022 01:17,New York City,3,1
8,549,81,Books,993.67,537.49,08-01-2023 01:17,Chicago,3,5
247,550,15,Electronics,246.82,109.69,25-07-2022 01:17,New York City,1,4
137,551,55,Clothing,117.93,43.09,30-12-2022 01:17,New York City,2,1
114,552,34,Groceries,840.89,319.6,04-11-2022 01:17,New York City,5,1
198,553,95,Home Appliances,659.99,194.69,04-02-2023 01:17,San Francisco,1,2
13,554,48,Beauty,98.32,16.57,24-07-2022 01:17,New York City,2,3
313,555,67,Toys,530.67,311.81,08-04-2023 01:17,San Francisco,2,2
56,556,57,Electronics,710.1,6.55,04-11-2022 01:17,Los Angeles,2,3
255,557,51,Books,759.08,578.42,06-05-2023 01:17,New York City,4,4
396,558,49,Electronics,719.28,1.16,15-12-2022 01:17,New York City,4,4
260,559,41,Clothing,993.41,301.46,25-09-2022 01:17,New York City,4,4
331,560,87,Sports,466.14,208.36,29-08-2022 01:17,New York City,3,4
43,561,29,Books,773.39,617.8,23-02-2023 01:17,New York City,1,3
381,562,4,Toys,235.92,74.66,05-03-2023 01:17,New York City,5,2
65,563,41,Books,25.83,10.35,22-06-2023 01:17,Chicago,4,3
434,564,83,Clothing,415.74,266.66,04-07-2022 01:17,New York City,5,3
477,565,85,Beauty,421.66,61.98,06-05-2023 01:17,San Francisco,4,2
388,566,69,Home Appliances,371.74,270.05,03-09-2022 01:17,San Francisco,1,4
368,567,2,Sports,318.88,78.51,13-03-2023 01:17,San Francisco,2,3
166,568,54,Electronics,729.54,453.39,07-01-2023 01:17,San Francisco,4,1
52,569,46,Beauty,943.53,633.87,14-11-2022 01:17,Los Angeles,3,2
194,570,54,Books,927.22,340.35,05-07-2022 01:17,Chicago,5,4
489,571,18,Sports,152.43,98.11,29-11-2022 01:17,Chicago,3,4
192,572,90,Toys,168.57,103.93,18-01-2023 01:17,Los Angeles,5,2
474,573,12,Toys,172,19.93,02-06-2023 01:17,Chicago,5,3
164,574,31,Electronics,46.12,18.86,11-11-2022 01:17,Los Angeles,1,3
291,575,60,Toys,186.64,102.47,07-06-2023 01:17,New York City,2,3
51,576,1,Electronics,290.98,60.72,27-07-2022 01:17,New York City,3,3
233,577,62,Electronics,72.94,8.75,15-03-2023 01:17,Chicago,1,2
371,578,68,Sports,598.99,179.1,01-08-2022 01:17,San Francisco,5,2
332,579,83,Clothing,125.16,32.31,17-03-2023 01:17,San Francisco,2,5
253,580,13,Clothing,135.57,51.64,15-03-2023 01:17,Los Angeles,2,4
171,581,90,Sports,842.84,113.18,24-11-2022 01:17,San Francisco,3,4
142,582,79,Groceries,806.01,203.65,17-02-2023 01:17,San Francisco,5,2
222,583,64,Home Appliances,421.37,269.19,29-06-2023 01:17,San Francisco,1,1
40,584,88,Books,194.71,25.89,15-09-2022 01:17,San Francisco,4,5
247,585,54,Clothing,32.31,13.33,25-03-2023 01:17,San Francisco,4,1
486,586,19,Sports,184.88,85.61,25-10-2022 01:17,Los Angeles,5,2
137,587,9,Clothing,204.94,143.07,08-11-2022 01:17,New York City,5,4
172,588,37,Toys,669.86,167.34,08-02-2023 01:17,New York City,1,2
55,589,55,Clothing,364.74,237.74,29-08-2022 01:17,Chicago,1,2
128,590,84,Home Appliances,543.52,86.46,03-01-2023 01:17,San Francisco,4,1
45,591,21,Electronics,408.48,288.66,01-05-2023 01:17,Los Angeles,5,1
487,592,34,Books,850.13,146.52,11-07-2022 01:17,Los Angeles,1,1
235,593,98,Clothing,766.32,385.36,06-12-2022 01:17,San Francisco,4,3
439,594,38,Toys,383.56,263.59,30-09-2022 01:17,Los Angeles,5,4
361,595,40,Toys,382.37,22.14,19-07-2022 01:17,Chicago,1,1
394,596,17,Beauty,386.98,152.05,01-03-2023 01:17,Chicago,5,2
484,597,22,Groceries,756.21,565.31,28-05-2023 01:17,New York City,4,4
156,598,79,Toys,984.07,181.62,07-02-2023 01:17,Los Angeles,4,1
423,599,77,Toys,823.49,242.73,07-08-2022 01:17,Los Angeles,4,2
447,600,11,Electronics,536.71,71.56,23-06-2023 01:17,Chicago,2,1
181,601,56,Toys,147.93,16.85,22-02-2023 01:17,New York City,4,1
441,602,89,Beauty,870.15,489.22,30-05-2023 01:17,New York City,5,1
46,603,35,Clothing,627.32,135.24,18-02-2023 01:17,New York City,4,2
289,604,10,Home Appliances,143.27,36.18,14-02-2023 01:17,Chicago,4,3
287,605,28,Electronics,231.59,7.08,18-01-2023 01:17,New York City,3,5
17,606,52,Sports,50.34,29.62,23-05-2023 01:17,Los Angeles,4,4
20,607,8,Toys,998.04,602.12,20-04-2023 01:17,Chicago,1,1
217,608,61,Sports,72.28,3.45,30-08-2022 01:17,Los Angeles,5,3
255,609,14,Beauty,500.05,204.47,14-03-2023 01:17,Los Angeles,5,1
27,610,97,Clothing,119.07,87.78,29-05-2023 01:17,Chicago,2,3
313,611,82,Home Appliances,554.3,263.3,22-12-2022 01:17,Los Angeles,4,1
253,612,97,Clothing,44.3,31.14,03-06-2023 01:17,Los Angeles,2,2
84,613,27,Groceries,741.48,272.09,17-03-2023 01:17,Los Angeles,4,3
455,614,89,Home Appliances,686.57,454.19,01-08-2022 01:17,San Francisco,5,2
266,615,66,Toys,426.72,237.15,25-10-2022 01:17,Los Angeles,4,3
476,616,12,Toys,907.96,130.65,09-09-2022 01:17,Chicago,5,3
457,617,67,Books,391.87,289.17,29-04-2023 01:17,New York City,5,5
28,618,8,Clothing,545.47,408.94,07-05-2023 01:17,San Francisco,2,4
173,619,66,Clothing,578.94,176.24,01-10-2022 01:17,New York City,1,1
367,620,75,Beauty,71.88,11.01,17-02-2023 01:17,San Francisco,1,5
64,621,54,Home Appliances,413.44,45.13,15-01-2023 01:17,Chicago,4,2
36,622,26,Groceries,530.8,308.29,19-09-2022 01:17,New York City,3,4
12,623,78,Beauty,480.35,79.51,05-03-2023 01:17,San Francisco,3,5
443,624,12,Clothing,948.7,137.66,22-06-2023 01:17,Chicago,3,3
206,625,50,Beauty,81.71,32.8,16-12-2022 01:17,San Francisco,3,3
286,626,97,Toys,524.95,189.46,28-02-2023 01:17,San Francisco,2,3
167,627,47,Toys,335.01,219.77,14-01-2023 01:17,Chicago,1,5
471,628,16,Home Appliances,683.2,110.59,29-03-2023 01:17,Chicago,2,4
394,629,45,Electronics,148.55,56.57,29-07-2022 01:17,Chicago,2,2
492,630,38,Beauty,990.57,242.62,01-10-2022 01:17,New York City,1,5
377,631,63,Sports,743.3,349.61,10-06-2023 01:17,Los Angeles,3,4
325,632,16,Electronics,672.38,249.25,07-08-2022 01:17,New York City,4,4
193,633,55,Toys,711.19,45.06,04-10-2022 01:17,San Francisco,1,3
283,634,86,Toys,839.65,257.59,16-01-2023 01:17,San Francisco,4,2
352,635,18,Beauty,253.71,90.91,24-05-2023 01:17,San Francisco,1,4
45,636,94,Toys,22.16,0.26,26-08-2022 01:17,San Francisco,2,5
459,637,19,Toys,647.23,11.71,02-06-2023 01:17,San Francisco,2,3
149,638,13,Books,372.75,213.21,04-11-2022 01:17,San Francisco,3,1
181,639,74,Beauty,432.85,174.02,15-10-2022 01:17,Los Angeles,1,5
38,640,60,Sports,240.04,16.91,20-11-2022 01:17,New York City,1,4
242,641,10,Clothing,349.65,213.9,22-05-2023 01:17,San Francisco,4,2
236,642,42,Electronics,599.24,89.68,28-02-2023 01:17,San Francisco,4,3
481,643,13,Sports,915.09,403.02,29-08-2022 01:17,New York City,1,3
308,644,6,Beauty,152.45,89.59,02-08-2022 01:17,New York City,5,4
125,645,16,Sports,882.74,667.99,01-10-2022 01:17,San Francisco,1,4
297,646,65,Beauty,797.41,562.05,20-04-2023 01:17,Chicago,2,4
344,647,71,Clothing,646.76,291.71,23-11-2022 01:17,San Francisco,1,3
425,648,72,Sports,810.31,393.98,03-01-2023 01:17,Los Angeles,3,2
43,649,48,Home Appliances,434.98,140.88,03-11-2022 01:17,Los Angeles,5,3
311,650,77,Toys,729.47,336.85,11-01-2023 01:17,Los Angeles,4,1
366,651,25,Groceries,771.73,138.97,07-02-2023 01:17,San Francisco,5,1
225,652,51,Beauty,684.91,100.78,31-10-2022 01:17,Chicago,5,2
23,653,73,Home Appliances,155.58,11.57,09-02-2023 01:17,New York City,4,4
222,654,72,Sports,183.73,139.51,23-09-2022 01:17,Chicago,4,3
349,655,87,Clothing,395.06,48.79,16-04-2023 01:17,San Francisco,1,5
158,656,25,Books,76.31,25.89,25-09-2022 01:17,Los Angeles,3,2
122,657,31,Clothing,718.24,95.72,25-12-2022 01:17,Los Angeles,1,4
196,658,67,Clothing,646.27,241.65,18-01-2023 01:17,Los Angeles,1,1
61,659,3,Books,283.2,26.77,10-04-2023 01:17,New York City,4,5
13,660,95,Sports,685.93,12.02,18-05-2023 01:17,Chicago,2,4
457,661,96,Clothing,113.39,90.38,30-07-2022 01:17,San Francisco,1,1
223,662,18,Books,897.38,18.55,16-02-2023 01:17,Los Angeles,1,1
352,663,38,Groceries,763.32,35.85,12-03-2023 01:17,San Francisco,2,3
184,664,24,Beauty,349.06,240.68,30-03-2023 01:17,New York City,5,4
130,665,83,Sports,912.23,6.57,08-12-2022 01:17,San Francisco,5,4
436,666,24,Sports,726.44,315.35,03-05-2023 01:17,Chicago,5,5
475,667,81,Home Appliances,888.94,18,17-02-2023 01:17,New York City,2,3
177,668,11,Home Appliances,224.57,132.75,04-12-2022 01:17,Los Angeles,5,3
178,669,51,Home Appliances,913.88,346.68,19-09-2022 01:17,New York City,4,3
117,670,77,Groceries,112.48,78.18,04-08-2022 01:17,New York City,3,3
273,671,6,Beauty,908.62,538.74,05-02-2023 01:17,San Francisco,3,5
469,672,77,Groceries,386.36,294.94,13-12-2022 01:17,New York City,4,4
371,673,34,Clothing,258.69,186.61,01-05-2023 01:17,Los Angeles,2,2
445,674,46,Toys,969.92,597.23,27-10-2022 01:17,New York City,4,2
136,675,58,Electronics,561.94,133.48,28-03-2023 01:17,New York City,3,4
205,676,71,Toys,266.25,69.24,23-12-2022 01:17,San Francisco,4,4
348,677,92,Groceries,262.55,52.05,13-12-2022 01:17,New York City,4,2
248,678,90,Toys,817.72,159.07,16-12-2022 01:17,Chicago,2,1
34,679,59,Home Appliances,311.03,48.54,07-11-2022 01:17,Los Angeles,3,1
111,680,71,Electronics,198.01,91.78,10-04-2023 01:17,Chicago,5,2
49,681,22,Clothing,379.99,238.89,30-04-2023 01:17,Los Angeles,5,3
320,682,26,Clothing,858.74,128.55,12-12-2022 01:17,New York City,4,3
393,683,39,Groceries,672.37,498.67,29-11-2022 01:17,New York City,2,2
224,684,23,Groceries,689.24,81.24,10-03-2023 01:17,Los Angeles,2,1
430,685,40,Sports,764.21,261.28,05-07-2022 01:17,Los Angeles,3,5
308,686,31,Toys,288.19,11.79,13-06-2023 01:17,New York City,1,2
142,687,72,Toys,149.44,92.77,16-01-2023 01:17,Chicago,2,2
227,688,54,Beauty,144.92,22.79,05-07-2022 01:17,San Francisco,5,4
363,689,20,Clothing,187.4,10.33,17-10-2022 01:17,Chicago,5,2
482,690,30,Groceries,675.41,242.9,27-12-2022 01:17,Los Angeles,4,3
468,691,7,Toys,340.23,67.43,11-10-2022 01:17,Los Angeles,4,2
377,692,73,Beauty,220.57,174.92,29-04-2023 01:17,Chicago,5,4
245,693,44,Home Appliances,837.43,270,25-02-2023 01:17,New York City,1,3
345,694,22,Home Appliances,405.23,301.76,18-02-2023 01:17,New York City,1,1
271,695,10,Clothing,247.56,112.32,21-01-2023 01:17,San Francisco,1,1
258,696,95,Sports,31.67,9.99,25-07-2022 01:17,Los Angeles,2,3
127,697,47,Books,560.76,57.46,22-07-2022 01:17,New York City,1,1
147,698,83,Sports,412.04,74.76,18-10-2022 01:17,Chicago,4,5
270,699,70,Groceries,813.12,120.84,02-09-2022 01:17,San Francisco,1,1
417,700,30,Home Appliances,277.52,103.4,14-10-2022 01:17,San Francisco,5,3
324,701,20,Electronics,59.98,37.43,05-03-2023 01:17,Chicago,5,1
284,702,60,Books,231,103.3,11-04-2023 01:17,San Francisco,3,3
208,703,26,Home Appliances,70.85,12.27,08-07-2022 01:17,San Francisco,1,3
446,704,47,Groceries,342.97,155.42,08-04-2023 01:17,San Francisco,1,5
348,705,52,Electronics,432.18,262.24,18-07-2022 01:17,Chicago,2,3
66,706,100,Home Appliances,737.94,398.82,08-04-2023 01:17,Los Angeles,2,5
401,707,3,Sports,361.69,180.13,02-08-2022 01:17,Chicago,3,5
87,708,31,Books,851.91,602.04,11-10-2022 01:17,New York City,2,2
316,709,17,Electronics,249.85,58.05,22-05-2023 01:17,San Francisco,4,1
358,710,14,Electronics,308.03,211.69,14-01-2023 01:17,Chicago,3,1
272,711,72,Clothing,218.69,93.47,12-02-2023 01:17,New York City,2,2
169,712,28,Groceries,705.65,164.32,01-10-2022 01:17,New York City,5,2
328,713,28,Books,546.29,345.28,31-12-2022 01:17,Los Angeles,4,3
83,714,72,Toys,110.89,10.39,21-06-2023 01:17,Chicago,3,4
11,715,97,Books,526.98,21.93,08-05-2023 01:17,San Francisco,1,3
181,716,52,Home Appliances,819.62,314.19,13-11-2022 01:17,New York City,2,1
271,717,64,Clothing,980.31,12.64,13-08-2022 01:17,San Francisco,1,3
500,718,59,Sports,768.44,543.49,09-01-2023 01:17,San Francisco,4,5
475,719,59,Toys,266.96,110.45,26-08-2022 01:17,San Francisco,5,5
424,720,8,Groceries,442.7,253.31,15-11-2022 01:17,Chicago,3,2
5,721,1,Clothing,397.75,252.88,31-07-2022 01:17,New York City,3,1
77,722,28,Sports,469.13,155.89,14-11-2022 01:17,New York City,2,4
221,723,34,Books,105.57,39.04,12-02-2023 01:17,Los Angeles,4,5
293,724,4,Home Appliances,808.05,13.02,02-03-2023 01:17,Los Angeles,5,1
397,725,9,Home Appliances,689.66,337.99,02-10-2022 01:17,Chicago,2,1
275,726,97,Sports,671.06,508.85,12-09-2022 01:17,Chicago,4,1
291,727,93,Clothing,655.74,55.79,26-08-2022 01:17,San Francisco,5,1
172,728,95,Home Appliances,596.76,423.94,05-05-2023 01:17,San Francisco,2,3
301,729,56,Sports,146.48,114.42,19-08-2022 01:17,San Francisco,3,2
190,730,56,Groceries,731.01,74.91,21-06-2023 01:17,Chicago,2,3
149,731,82,Books,829.5,87.92,15-04-2023 01:17,Chicago,1,2
233,732,19,Groceries,186.65,8.45,28-07-2022 01:17,New York City,5,4
389,733,84,Sports,472.95,243.58,15-06-2023 01:17,Chicago,5,3
347,734,31,Groceries,438.28,68.63,15-04-2023 01:17,Los Angeles,5,4
156,735,73,Groceries,817.66,493.66,20-12-2022 01:17,New York City,4,3
416,736,87,Beauty,119.94,61.55,26-10-2022 01:17,Chicago,1,2
308,737,41,Books,664.52,96.4,18-05-2023 01:17,New York City,5,2
67,738,49,Electronics,507.05,318,16-10-2022 01:17,Chicago,5,2
235,739,3,Toys,539.35,58.08,02-08-2022 01:17,New York City,1,5
443,740,14,Home Appliances,903.35,531.02,13-01-2023 01:17,Los Angeles,5,2
58,741,25,Books,386.03,283.86,29-01-2023 01:17,Chicago,2,2
201,742,91,Sports,436.97,278.91,26-06-2023 01:17,San Francisco,1,5
414,743,25,Toys,657.83,322.71,17-08-2022 01:17,New York City,5,4
346,744,22,Toys,225.16,122.77,08-05-2023 01:17,San Francisco,1,3
305,745,70,Beauty,460.08,213.46,25-08-2022 01:17,San Francisco,2,4
144,746,94,Electronics,792.31,239.88,21-12-2022 01:17,Chicago,4,3
90,747,82,Toys,695.46,8.51,06-07-2022 01:17,Chicago,2,1
359,748,46,Toys,455.74,48.47,11-12-2022 01:17,New York City,2,1
27,749,71,Books,663.31,68.33,25-12-2022 01:17,Chicago,2,1
285,750,99,Electronics,811.67,253.05,25-04-2023 01:17,San Francisco,2,4
20,751,3,Home Appliances,271.52,156.08,26-06-2023 01:17,San Francisco,1,2
84,752,8,Groceries,816.57,356.33,23-03-2023 01:17,San Francisco,5,4
39,753,89,Books,71.98,25.65,17-12-2022 01:17,Los Angeles,4,2
492,754,47,Books,333.53,254.73,01-03-2023 01:17,Los Angeles,5,1
419,755,16,Sports,642.43,111.48,20-02-2023 01:17,Los Angeles,5,1
59,756,64,Beauty,745.12,206.62,25-06-2023 01:17,San Francisco,3,1
247,757,90,Groceries,221.23,73.63,11-02-2023 01:17,Chicago,1,2
188,758,3,Clothing,984.46,412.03,17-12-2022 01:17,New York City,4,4
42,759,63,Toys,688.36,123.44,02-06-2023 01:17,Chicago,5,1
289,760,87,Electronics,283.89,127.58,30-09-2022 01:17,Los Angeles,4,4
101,761,10,Clothing,672.28,56.04,24-05-2023 01:17,New York City,4,3
193,762,9,Toys,709.3,320.72,11-09-2022 01:17,San Francisco,2,2
496,763,65,Home Appliances,277.14,36.52,02-12-2022 01:17,Chicago,4,1
373,764,84,Sports,902.31,602.17,04-02-2023 01:17,Los Angeles,3,1
21,765,45,Groceries,985.3,709.83,18-04-2023 01:17,Los Angeles,1,3
178,766,53,Groceries,288.48,184.09,09-05-2023 01:17,Chicago,4,1
140,767,82,Sports,439.18,315.72,04-11-2022 01:17,New York City,2,5
370,768,91,Toys,695.85,99.06,04-11-2022 01:17,San Francisco,3,1
75,769,38,Sports,29.32,19.71,18-05-2023 01:17,Los Angeles,4,3
430,770,24,Clothing,772.73,322.18,28-08-2022 01:17,San Francisco,3,1
142,771,95,Groceries,215.88,110.85,29-03-2023 01:17,Chicago,3,3
56,772,53,Clothing,906.75,292.67,14-07-2022 01:17,San Francisco,1,1
411,773,28,Beauty,124.65,90.45,23-07-2022 01:17,New York City,5,1
296,774,26,Toys,129.5,7.16,21-02-2023 01:17,San Francisco,5,2
299,775,60,Books,94.09,66.59,10-12-2022 01:17,New York City,3,3
227,776,67,Electronics,605.99,166.38,26-11-2022 01:17,New York City,3,3
378,777,34,Clothing,281.48,121.49,21-11-2022 01:17,San Francisco,2,5
292,778,63,Beauty,760.77,337.08,02-09-2022 01:17,Chicago,2,5
399,779,10,Toys,571.92,8.16,16-12-2022 01:17,Los Angeles,5,4
90,780,12,Beauty,349.12,49.58,06-01-2023 01:17,Chicago,2,5
103,781,50,Toys,198.49,148.56,14-03-2023 01:17,Los Angeles,2,5
5,782,81,Groceries,656.21,332.53,31-08-2022 01:17,San Francisco,1,1
447,783,9,Books,16.03,7.67,26-07-2022 01:17,Los Angeles,3,2
428,784,65,Beauty,289.48,48.19,27-04-2023 01:17,San Francisco,5,5
36,785,63,Clothing,239.23,99.85,22-11-2022 01:17,San Francisco,3,1
362,786,100,Groceries,124.33,51.44,18-12-2022 01:17,Chicago,3,5
424,787,82,Beauty,80.39,59.9,11-07-2022 01:17,Chicago,5,3
477,788,29,Groceries,124.1,77.7,05-01-2023 01:17,Chicago,5,3
494,789,49,Clothing,589.15,366.23,30-03-2023 01:17,New York City,1,3
453,790,70,Sports,766.15,3.62,15-03-2023 01:17,Los Angeles,1,1
18,791,50,Electronics,444.85,32.21,08-05-2023 01:17,San Francisco,5,4
365,792,51,Sports,843.85,231.79,27-04-2023 01:17,San Francisco,1,3
306,793,61,Groceries,644.45,10.27,09-11-2022 01:17,New York City,3,4
153,794,44,Electronics,272.62,79.62,03-07-2023 01:17,Los Angeles,3,4
33,795,72,Electronics,319.39,33.46,26-08-2022 01:17,San Francisco,5,4
306,796,56,Sports,342.9,57.59,04-08-2022 01:17,Chicago,5,1
364,797,11,Electronics,817.26,40.58,09-06-2023 01:17,Chicago,1,4
90,798,72,Books,160.91,1.84,13-05-2023 01:17,Chicago,5,3
159,799,34,Groceries,542.28,362.4,09-10-2022 01:17,Chicago,2,5
499,800,100,Clothing,532.33,39.85,08-06-2023 01:17,Los Angeles,2,5
414,801,98,Home Appliances,371.14,245.58,21-11-2022 01:17,Chicago,2,3
279,802,86,Toys,129.55,99.2,12-02-2023 01:17,New York City,2,5
214,803,51,Books,565.45,273.51,02-02-2023 01:17,New York City,4,5
222,804,86,Books,129.93,0.25,08-02-2023 01:17,New York City,2,1
175,805,49,Clothing,368.4,118.57,15-11-2022 01:17,San Francisco,4,5
146,806,95,Sports,783.63,416.52,28-02-2023 01:17,Los Angeles,2,1
390,807,21,Electronics,869.9,611.22,03-10-2022 01:17,Los Angeles,4,2
317,808,4,Home Appliances,808.67,291.51,19-08-2022 01:17,San Francisco,1,2
223,809,3,Home Appliances,389.7,141.44,06-03-2023 01:17,San Francisco,2,5
172,810,73,Beauty,200.87,132.88,30-12-2022 01:17,New York City,3,4
331,811,82,Books,69.35,43.56,30-09-2022 01:17,New York City,5,1
179,812,19,Beauty,747.98,201.25,21-07-2022 01:17,Chicago,1,1
48,813,10,Beauty,949.21,179.89,02-02-2023 01:17,New York City,1,1
367,814,80,Home Appliances,661.92,468.66,12-11-2022 01:17,San Francisco,3,1
427,815,54,Clothing,268.52,124.57,25-09-2022 01:17,Chicago,5,2
200,816,9,Home Appliances,283.66,162.65,19-10-2022 01:17,Los Angeles,2,5
290,817,67,Clothing,695.49,91.06,19-12-2022 01:17,New York City,1,3
120,818,11,Toys,769.95,209.93,17-12-2022 01:17,Los Angeles,1,1
376,819,62,Groceries,745.66,417.13,15-12-2022 01:17,Los Angeles,3,4
33,820,91,Sports,396.82,78.81,03-09-2022 01:17,San Francisco,1,5
253,821,31,Sports,594.37,56.69,27-01-2023 01:17,San Francisco,3,3
210,822,3,Clothing,683.62,116.46,30-03-2023 01:17,Chicago,2,2
90,823,36,Sports,890.81,456.8,18-10-2022 01:17,San Francisco,1,4
71,824,7,Home Appliances,811.67,433.83,12-11-2022 01:17,San Francisco,3,1
13,825,24,Clothing,686.26,18.13,16-04-2023 01:17,Chicago,1,4
395,826,99,Toys,813.44,8.83,25-02-2023 01:17,San Francisco,5,4
305,827,99,Beauty,507.94,34.69,09-09-2022 01:17,New York City,2,4
288,828,62,Toys,545.48,204.5,29-07-2022 01:17,New York City,5,2
9,829,63,Books,192.04,48.36,26-04-2023 01:17,Los Angeles,5,4
31,830,74,Beauty,137.34,13.7,29-01-2023 01:17,Los Angeles,3,1
213,831,95,Books,158.95,93.76,09-04-2023 01:17,New York City,2,1
16,832,24,Groceries,144.89,111.37,30-04-2023 01:17,Chicago,2,3
226,833,51,Home Appliances,532.35,114.11,14-10-2022 01:17,San Francisco,4,2
282,834,33,Electronics,452.77,227.72,20-03-2023 01:17,Los Angeles,3,4
161,835,5,Books,409.35,253.15,20-01-2023 01:17,Los Angeles,3,5
498,836,72,Toys,693,246.63,29-08-2022 01:17,Los Angeles,3,2
427,837,8,Groceries,181.73,8.87,06-06-2023 01:17,San Francisco,3,5
285,838,78,Toys,229.71,139.53,21-03-2023 01:17,San Francisco,3,3
441,839,78,Home Appliances,867.89,198.21,28-09-2022 01:17,San Francisco,1,1
12,840,15,Toys,561.92,31.22,04-07-2022 01:17,Los Angeles,1,2
245,841,31,Clothing,130.86,103.5,02-07-2023 01:17,Chicago,4,2
440,842,11,Electronics,867.67,114.69,30-09-2022 01:17,New York City,1,1
323,843,89,Books,47.38,19.16,09-08-2022 01:17,Los Angeles,3,2
327,844,55,Electronics,842.03,439.56,01-11-2022 01:17,Los Angeles,5,5
395,845,19,Beauty,167.46,126.13,12-02-2023 01:17,New York City,4,4
366,846,24,Electronics,137.5,10.41,15-05-2023 01:17,New York City,5,4
168,847,57,Clothing,655.56,393.77,21-09-2022 01:17,Chicago,2,1
60,848,12,Electronics,268.54,27.1,04-06-2023 01:17,Chicago,1,1
207,849,24,Groceries,515.69,314.64,15-08-2022 01:17,New York City,5,1
253,850,97,Electronics,484.07,13.81,23-11-2022 01:17,Los Angeles,3,4
236,851,81,Clothing,277.01,212.17,26-11-2022 01:17,San Francisco,3,5
153,852,54,Toys,262.15,83.28,02-12-2022 01:17,San Francisco,3,1
448,853,35,Sports,399.52,111.29,14-03-2023 01:17,San Francisco,3,3
13,854,11,Groceries,10.87,1.94,25-09-2022 01:17,New York City,3,4
477,855,79,Sports,919,235.1,28-08-2022 01:17,Chicago,2,3
227,856,59,Electronics,121.45,7.5,28-07-2022 01:17,Los Angeles,3,5
239,857,44,Clothing,494.15,170.51,22-03-2023 01:17,Chicago,4,5
254,858,57,Home Appliances,780.64,115.32,14-10-2022 01:17,Los Angeles,1,3
244,859,70,Home Appliances,684.16,164.94,18-11-2022 01:17,Chicago,5,1
113,860,92,Toys,46.78,28.99,22-10-2022 01:17,Los Angeles,4,5
210,861,64,Books,258.22,127.66,12-06-2023 01:17,New York City,3,5
339,862,62,Clothing,163.06,97.15,10-01-2023 01:17,Chicago,5,1
70,863,25,Groceries,933.9,455.77,12-09-2022 01:17,Chicago,5,2
208,864,37,Clothing,847.1,102.14,29-06-2023 01:17,New York City,4,3
50,865,52,Books,445.64,220.17,02-12-2022 01:17,Chicago,1,2
260,866,4,Beauty,767.02,48.2,16-05-2023 01:17,Chicago,4,5
313,867,86,Electronics,161.14,120.05,05-05-2023 01:17,Chicago,2,3
361,868,87,Sports,285.46,51.45,13-09-2022 01:17,New York City,3,3
483,869,33,Clothing,651.78,514.96,21-08-2022 01:17,Chicago,1,5
56,870,32,Beauty,917.68,668.9,23-05-2023 01:17,New York City,3,1
17,871,99,Sports,892.45,186.57,25-08-2022 01:17,New York City,1,3
97,872,59,Groceries,429.7,135.25,06-10-2022 01:17,Chicago,3,3
22,873,4,Sports,615.96,404.16,03-02-2023 01:17,San Francisco,2,1
228,874,99,Electronics,211.56,102.63,15-08-2022 01:17,Chicago,3,5
301,875,47,Books,23.83,13.83,27-02-2023 01:17,San Francisco,2,1
424,876,80,Books,91.15,50.35,08-12-2022 01:17,Los Angeles,2,1
287,877,78,Electronics,327.64,23.79,02-02-2023 01:17,New York City,4,5
296,878,97,Groceries,232.43,171.54,04-03-2023 01:17,Los Angeles,3,5
115,879,79,Electronics,552.25,331.99,26-09-2022 01:17,New York City,3,4
2,880,91,Books,610.79,463.6,26-02-2023 01:17,San Francisco,1,2
239,881,96,Clothing,534.7,59.29,04-06-2023 01:17,San Francisco,4,4
244,882,82,Sports,133.9,83.02,16-04-2023 01:17,San Francisco,4,5
248,883,87,Groceries,339.17,45.24,08-06-2023 01:17,New York City,2,3
345,884,58,Sports,870.91,35.89,21-11-2022 01:17,San Francisco,4,2
171,885,37,Home Appliances,911.18,465.28,28-05-2023 01:17,Los Angeles,1,4
131,886,99,Books,740.27,321.13,20-05-2023 01:17,New York City,4,3
393,887,43,Groceries,28.19,13.79,25-08-2022 01:17,New York City,4,4
209,888,48,Toys,860.87,13.59,03-01-2023 01:17,Los Angeles,1,3
377,889,86,Electronics,529.54,399.3,23-12-2022 01:17,San Francisco,1,4
306,890,41,Beauty,432.24,212.29,13-12-2022 01:17,New York City,3,2
221,891,92,Books,61.51,32.96,09-09-2022 01:17,Los Angeles,2,3
381,892,24,Groceries,574.19,339.22,25-11-2022 01:17,Los Angeles,1,2
23,893,58,Groceries,766.19,126.55,08-05-2023 01:17,Los Angeles,3,2
459,894,19,Groceries,808.66,428.34,01-01-2023 01:17,San Francisco,5,2
439,895,22,Electronics,937.06,28.18,24-11-2022 01:17,New York City,4,4
293,896,74,Books,581.31,438.23,21-01-2023 01:17,Los Angeles,5,3
35,897,35,Toys,292.43,167.07,29-06-2023 01:17,Chicago,1,1
129,898,55,Beauty,175.46,131.57,31-03-2023 01:17,Los Angeles,3,5
425,899,93,Electronics,556.22,102.15,21-02-2023 01:17,New York City,5,5
436,900,9,Groceries,530.22,157.1,18-06-2023 01:17,New York City,1,3
141,901,63,Books,260.42,187.79,24-11-2022 01:17,San Francisco,2,4
403,902,35,Groceries,721.17,404.54,25-09-2022 01:17,Los Angeles,1,4
90,903,5,Clothing,458.02,119.18,17-06-2023 01:17,Chicago,3,4
107,904,75,Beauty,53.15,26.34,22-06-2023 01:17,New York City,1,4
302,905,70,Beauty,362.8,154.84,13-06-2023 01:17,New York City,4,4
393,906,60,Toys,879.38,218.36,10-06-2023 01:17,San Francisco,5,5
214,907,54,Electronics,106.14,33.07,23-11-2022 01:17,Los Angeles,4,3
126,908,54,Sports,215.62,157.91,21-07-2022 01:17,New York City,4,3
177,909,8,Sports,85.97,36.72,25-08-2022 01:17,Chicago,5,1
346,910,76,Sports,114.07,34.28,21-07-2022 01:17,San Francisco,2,3
471,911,33,Electronics,874.9,442.69,10-09-2022 01:17,Los Angeles,3,5
441,912,31,Sports,977.34,726.3,14-05-2023 01:17,Los Angeles,3,5
165,913,71,Clothing,179.33,121.8,07-03-2023 01:17,Los Angeles,3,5
369,914,30,Clothing,329.2,77.46,22-07-2022 01:17,Los Angeles,1,2
117,915,83,Sports,738.82,61.77,10-05-2023 01:17,Los Angeles,3,2
490,916,13,Groceries,292.46,61.4,17-01-2023 01:17,San Francisco,1,3
312,917,94,Toys,295.58,46.47,24-02-2023 01:17,New York City,4,1
11,918,5,Home Appliances,896.97,500,21-09-2022 01:17,Chicago,1,1
127,919,10,Sports,584.79,271.04,14-09-2022 01:17,Chicago,1,2
433,920,84,Toys,388.68,186.99,02-10-2022 01:17,New York City,3,4
308,921,29,Beauty,371.13,158.68,07-09-2022 01:17,San Francisco,5,2
111,922,99,Clothing,461.51,46.03,15-11-2022 01:17,Chicago,5,4
388,923,87,Groceries,566.14,163.9,20-09-2022 01:17,New York City,2,4
51,924,28,Home Appliances,724.39,125.02,25-07-2022 01:17,San Francisco,5,1
13,925,67,Toys,318.8,137.24,09-10-2022 01:17,Los Angeles,4,4
119,926,44,Beauty,759.74,479.56,25-03-2023 01:17,San Francisco,3,2
445,927,3,Beauty,100.87,31.43,28-07-2022 01:17,Los Angeles,2,4
238,928,1,Toys,754.28,267.6,08-04-2023 01:17,San Francisco,2,4
199,929,42,Books,71.26,18.15,19-12-2022 01:17,Los Angeles,2,2
160,930,33,Toys,295.24,88.79,02-10-2022 01:17,Los Angeles,4,5
385,931,58,Toys,147.94,6.31,13-07-2022 01:17,Chicago,2,1
341,932,94,Groceries,12.08,3.41,08-11-2022 01:17,Chicago,2,1
402,933,50,Clothing,337.29,123.95,31-01-2023 01:17,New York City,2,2
238,934,81,Electronics,824.76,14.33,22-11-2022 01:17,San Francisco,2,5
236,935,36,Clothing,123.48,82.66,31-03-2023 01:17,San Francisco,2,5
199,936,80,Sports,876.72,290.35,28-05-2023 01:17,New York City,2,5
385,937,76,Beauty,625.94,258.1,27-09-2022 01:17,San Francisco,2,3
21,938,33,Groceries,443.18,153.76,01-02-2023 01:17,San Francisco,4,5
498,939,82,Groceries,255.26,185.42,01-06-2023 01:17,New York City,3,5
271,940,39,Home Appliances,626.26,32.19,05-11-2022 01:17,Los Angeles,3,2
106,941,61,Books,470.32,222.42,24-07-2022 01:17,New York City,3,3
330,942,22,Beauty,820.66,503.22,21-03-2023 01:17,Chicago,2,5
366,943,25,Home Appliances,528.46,311.81,24-02-2023 01:17,New York City,2,2
232,944,12,Clothing,66.31,47.99,17-11-2022 01:17,Los Angeles,1,4
462,945,57,Home Appliances,207.62,101.26,23-12-2022 01:17,Chicago,2,2
16,946,54,Books,130.6,101.35,12-10-2022 01:17,New York City,1,2
184,947,3,Beauty,418.3,69.33,20-03-2023 01:17,Chicago,1,1
293,948,28,Toys,847.25,13.39,08-10-2022 01:17,New York City,2,1
241,949,84,Home Appliances,185.75,53.36,22-04-2023 01:17,San Francisco,1,4
429,950,14,Sports,943.35,71.71,23-02-2023 01:17,Los Angeles,2,1
28,951,88,Toys,382.02,274.32,20-04-2023 01:17,Chicago,2,3
149,952,9,Groceries,605.16,240.81,15-07-2022 01:17,Los Angeles,4,5
313,953,53,Books,188.06,23.23,06-03-2023 01:17,San Francisco,2,5
470,954,12,Home Appliances,575.6,123.91,02-06-2023 01:17,New York City,2,2
75,955,78,Sports,451.8,175.34,05-09-2022 01:17,San Francisco,5,5
215,956,1,Groceries,554.19,356.63,22-03-2023 01:17,Los Angeles,5,3
16,957,77,Books,876.31,467.42,25-07-2022 01:17,New York City,5,5
255,958,89,Toys,849.48,14.13,12-07-2022 01:17,New York City,1,4
454,959,88,Electronics,400.3,30.68,16-01-2023 01:17,Chicago,4,4
328,960,48,Books,553.01,165.6,08-12-2022 01:17,Los Angeles,4,2
137,961,81,Beauty,758.77,10.54,18-07-2022 01:17,San Francisco,5,4
94,962,74,Electronics,63.67,46.55,16-09-2022 01:17,Chicago,1,5
221,963,62,Groceries,196.94,28.87,25-11-2022 01:17,New York City,5,4
468,964,6,Sports,275.22,145.6,26-02-2023 01:17,New York City,4,2
22,965,44,Toys,433.31,304.76,13-12-2022 01:17,New York City,3,1
11,966,54,Books,959.87,668.87,01-09-2022 01:17,New York City,3,3
199,967,87,Groceries,319.16,202.8,16-07-2022 01:17,Los Angeles,4,4
51,968,18,Clothing,653.33,371.92,30-10-2022 01:17,Chicago,2,5
314,969,1,Clothing,348.66,218.94,16-07-2022 01:17,San Francisco,4,4
66,970,53,Books,498.49,365.04,20-04-2023 01:17,Chicago,3,5
137,971,77,Electronics,129.05,11.11,08-08-2022 01:17,New York City,4,3
446,972,8,Groceries,949.14,469.37,20-05-2023 01:17,San Francisco,5,1
136,973,46,Electronics,820.58,427.58,30-08-2022 01:17,San Francisco,5,1
434,974,34,Groceries,488.76,294.42,03-08-2022 01:17,Los Angeles,1,3
203,975,51,Toys,306.51,155.48,13-01-2023 01:17,New York City,5,2
468,976,45,Clothing,940.68,557.03,24-06-2023 01:17,New York City,1,1
326,977,45,Home Appliances,348.9,33.79,03-12-2022 01:17,Chicago,4,5
20,978,41,Groceries,987.88,23.63,13-06-2023 01:17,New York City,2,2
139,979,46,Toys,201.41,7.2,31-03-2023 01:17,New York City,5,5
184,980,65,Clothing,608.47,54.76,20-05-2023 01:17,San Francisco,4,3
202,981,27,Toys,227.6,42.3,16-08-2022 01:17,New York City,4,4
48,982,96,Beauty,541.27,335.47,26-02-2023 01:17,San Francisco,1,1
149,983,2,Clothing,247.63,183.57,01-12-2022 01:17,San Francisco,2,3
263,984,47,Books,528.38,65.04,13-06-2023 01:17,New York City,1,1
109,985,100,Books,983.27,508.27,12-05-2023 01:17,New York City,1,2
365,986,22,Home Appliances,948.94,453.07,16-12-2022 01:17,New York City,5,3
172,987,94,Sports,228,90.23,01-05-2023 01:17,New York City,4,3
326,988,96,Sports,604.92,31.12,01-10-2022 01:17,New York City,1,4
477,989,64,Electronics,848.34,100.14,14-09-2022 01:17,San Francisco,4,3
122,990,27,Beauty,191.66,144.08,29-12-2022 01:17,San Francisco,5,3
277,991,71,Toys,830.61,644.98,03-08-2022 01:17,Chicago,4,3
341,992,32,Groceries,775.95,306.06,30-01-2023 01:17,Los Angeles,3,3
93,993,39,Sports,727.46,419.71,11-11-2022 01:17,Los Angeles,2,1
489,994,79,Clothing,335.03,236.03,24-06-2023 01:17,Los Angeles,1,4
265,995,22,Sports,720.08,397.73,25-09-2022 01:17,San Francisco,1,1
358,996,59,Clothing,854.86,387.45,17-04-2023 01:17,San Francisco,2,1
193,997,45,Home Appliances,490.43,105.74,07-02-2023 01:17,San Francisco,3,1
96,998,71,Clothing,431.24,148.67,06-05-2023 01:17,New York City,3,2
10,999,44,Groceries,666.25,246.44,30-06-2023 01:17,New York City,3,2
48,1000,25,Electronics,962.31,689.37,28-10-2022 01:17,Los Angeles,2,5
